id,name,category,예측,확신도
10515,링크,,스태빌라이저링크,1.0
10303,코일,,점화코일,1.0
10311,점화코일,,점화코일,1.0
10310,점화코일,,점화코일,1.0
6939,앞 디스크 1장,,디스크로터,1.0
10309,점화코일,,점화코일,1.0
10306,점화코일,,점화코일,1.0
6940,앞 디스크,,디스크로터,1.0
10305,점화코일,,점화코일,1.0
10304,점화코일,,점화코일,1.0
10302,점화코일,,점화코일,1.0
10563,엔진미미,,엔진미미,1.0
10300,점화코일,,점화코일,1.0
10299,점화코일,,점화코일,1.0
10229,엔진미미,,엔진미미,1.0
10227,엔진미미,,엔진미미,1.0
10174,디스크,,디스크로터,1.0
10157,디스크,,디스크로터,1.0
10106,뒤 디스크,,디스크로터,1.0
9946,앞 디스크,,디스크로터,1.0
10312,점화코일,,점화코일,1.0
10313,점화코일,,점화코일,1.0
10319,점화코일,,점화코일,1.0
10321,점화코일,,점화코일,1.0
10328,점화코일,,점화코일,1.0
10327,점화코일,,점화코일,1.0
10292,점화코일,,점화코일,1.0
10326,점화코일,,점화코일,1.0
6664,와이퍼,,와이퍼,1.0
10324,점화코일,,점화코일,1.0
10323,점화코일,,점화코일,1.0
6668,와이퍼 블레이드,,와이퍼,1.0
6653,와이퍼 블레이드,,와이퍼,1.0
6662,와이퍼,,와이퍼,1.0
6663,와이퍼,,와이퍼,1.0
10322,점화코일,,점화코일,1.0
6657,와이퍼,,와이퍼,1.0
6649,와이퍼 블레이드,,와이퍼,1.0
6671,와이퍼 블레이드,,와이퍼,1.0
6679,와이퍼 블레이드,,와이퍼,1.0
6654,와이퍼 블레이드,,와이퍼,1.0
9820,패드센서,,브레이크패드센서,1.0
9819,㉭패드센서,,브레이크패드센서,1.0
9816,패드센서,,브레이크패드센서,1.0
9788,㉭패드센서,,브레이크패드센서,1.0
9786,패드센서,,브레이크패드센서,1.0
7750,정품 와이퍼 블레이드,,와이퍼,1.0
9777,패드센서,,브레이크패드센서,1.0
9774,㉭패드센서,,브레이크패드센서,1.0
8727,아패드,,브레이크패드,1.0
6708,와이퍼 블레이드,,와이퍼,1.0
7907,와이퍼 블레이드 X,,와이퍼,1.0
7841,와이퍼 블레이드 후방,,와이퍼,1.0
7821,후방 와이퍼,,와이퍼,1.0
7756,후방 와이퍼 블레이드,,와이퍼,1.0
7817,와이퍼 블레이드 후방 X,,와이퍼,1.0
7863,와이퍼 블레이드 (600/550) ★,,와이퍼,1.0
7859,와이퍼 블레이드 (650/475)★,,와이퍼,1.0
7813,와이퍼 블레이드 후방,,와이퍼,1.0
7858,와이퍼 블레이드 (600/475)★,,와이퍼,1.0
7855,와이퍼 블레이드 (600/450),,와이퍼,1.0
7839,와이퍼 블레이드 (550/550),,와이퍼,1.0
9787,패드센서,,브레이크패드센서,1.0
9791,㉭패드센서,,브레이크패드센서,1.0
9815,㉭패드센서,,브레이크패드센서,1.0
9792,패드센서,,브레이크패드센서,1.0
9813,패드센서,,브레이크패드센서,1.0
9812,패드센서,,브레이크패드센서,1.0
9811,㉭패드센서,,브레이크패드센서,1.0
9810,㉭패드센서,,브레이크패드센서,1.0
9808,패드센서,,브레이크패드센서,1.0
7272,패드센서,,브레이크패드센서,1.0
9807,패드센서,,브레이크패드센서,1.0
9804,㉭패드센서,,브레이크패드센서,1.0
9803,㉭패드센서,,브레이크패드센서,1.0
10294,점화코일,,점화코일,1.0
10296,점화코일,,점화코일,1.0
9801,㉭패드센서,,브레이크패드센서,1.0
9798,㉭패드센서,,브레이크패드센서,1.0
9797,㉭패드센서,,브레이크패드센서,1.0
9796,㉭패드센서,,브레이크패드센서,1.0
9795,㉭패드센서,,브레이크패드센서,1.0
9794,㉭패드센서,,브레이크패드센서,1.0
10514,링크,,스태빌라이저링크,1.0
7829,와이퍼 블레이드 (650/650),,와이퍼,1.0
8706,앞패드 CR-V,기타,브레이크패드,1.0
5580,점화코일,,점화코일,1.0
10696,와이퍼,,와이퍼,1.0
10699,BOSCH 와이퍼 블레이드 후방,,와이퍼,1.0
5024,아이들,,아이들베어링,1.0
19811,텐셔너,기타,텐셔너,1.0
19897,연료필터,기타,연료필터,1.0
18509,겉벨트,기타,V벨트,1.0
19623,GK 워터펌프,기타,워터펌프,1.0
5581,점화코일,,점화코일,1.0
5564,점화코일,,점화코일,1.0
19816,INA 휀 텐셔너,기타,텐셔너,1.0
5020,벨트,,V벨트,1.0
19803,휀 텐셔너,기타,텐셔너,1.0
19628,워터펌프,기타,워터펌프,1.0
19813,INA 휀 텐셔너,기타,텐셔너,1.0
5572,코일,,점화코일,1.0
10694,와이퍼,,와이퍼,1.0
10701,후방 와이퍼,,와이퍼,1.0
19801,INA 휀 텐셔너,기타,텐셔너,1.0
10673,와이퍼 블레이드,,와이퍼,1.0
19826,INA 워터펌프,기타,워터펌프,1.0
6704,와이퍼 블레이드,,와이퍼,1.0
19795,휀 텐셔너,기타,텐셔너,1.0
19797,INA 휀 텐셔너,기타,텐셔너,1.0
6705,와이퍼 블레이드,,와이퍼,1.0
8677,앞패드 포드 토러스,기타,브레이크패드,1.0
6703,와이퍼 블레이드,,와이퍼,1.0
10676,와이퍼,,와이퍼,1.0
10681,와이퍼,,와이퍼,1.0
7751,와이퍼 블레이드 ★,,와이퍼,1.0
6697,와이퍼 블레이드,,와이퍼,1.0
10684,와이퍼 블레이드,,와이퍼,1.0
8374,앞패드 포드 레인저,기타,브레이크패드,0.999
21082,앞패드 혼다 어코드,기타,브레이크패드,0.999
8709,뒤패드 CR-V,기타,브레이크패드,0.999
5605,점화코일 FX50 08~,,점화코일,0.999
8347,앞패드 토요타 캠리,기타,브레이크패드,0.999
21087,앞패드 토요타 캠리,기타,브레이크패드,0.999
10686,와이퍼 앞,,와이퍼,0.999
8648,앞패드 벤츠 C200,기타,브레이크패드,0.999
8510,앞패드 BMW X6 10~,기타,브레이크패드,0.999
7888,보쉬 와이퍼 블레이드 세트,,와이퍼,0.999
18713,가열플러그,기타,가열플러그,0.999
26064,앞패드 A220 19~,기타,브레이크패드,0.999
10703,와이퍼 뒤,,와이퍼,0.999
8581,뒤패드 볼보 S80,기타,브레이크패드,0.999
7867,와이퍼 블레이드 (575/530)★,,와이퍼,0.999
8607,앞패드 벤츠 E350,기타,브레이크패드,0.999
7777,와이퍼 블레이드 세트,,와이퍼,0.999
21166,뒤패드 포드 포커스,기타,브레이크패드,0.998
8626,앞패드 미니 쿠퍼,기타,브레이크패드,0.998
19815,INA 휀텐셔너,기타,텐셔너,0.998
8602,앞패드 BMW 528i,기타,브레이크패드,0.998
21113,앞패드 BMW 528I,기타,브레이크패드,0.998
8409,앞패드 마쯔다 6,기타,브레이크패드,0.998
21115,앞패드 혼다 시빅,기타,브레이크패드,0.998
10564,미션미미,,미션미미,0.998
10559,미션미미,,미션미미,0.998
10525,앞 활대링크,,스태빌라이저링크,0.998
4965,INA  아이들,,아이들베어링,0.998
19926,MONROE 후쇼바,기타,쇼크업소버,0.998
7847,와이퍼 블레이드 후방 (CR-V),,와이퍼,0.998
10690,BOSCH 와이퍼 블레이드 세트,,와이퍼,0.998
6685,와이퍼 보쉬,,와이퍼,0.998
10695,보쉬 와이퍼,,와이퍼,0.998
10702,후방와이퍼,,와이퍼,0.998
20232,미션미미,기타,미션미미,0.998
19925,MONROE 전쇼바,기타,쇼크업소버,0.998
21090,앞패드 혼다 시빅,기타,브레이크패드,0.998
18597,AFTER 후 쇼바 마운트,기타,쇼크업소버,0.998
20060,로커암 커버 가스켓,기타,헤드커버,0.997
18709,앞디스크,기타,디스크로터,0.997
7789,Aero twin(650/550) : RX,,와이퍼,0.997
19929,MONROE 전쇼바마운트,기타,쇼크업소버,0.997
8274,뒤패드 투아렉 11~,기타,브레이크패드,0.997
8593,뒤패드 BMW 520d,기타,브레이크패드,0.997
10491,링크 앞좌,,스태빌라이저링크,0.997
10485,활대링크 RH,,스태빌라이저링크,0.997
10483,활대링크 LH,,스태빌라이저링크,0.997
21105,뒤패드 토요타 캠리,기타,브레이크패드,0.997
10704,로워암 볼,,로어암,0.997
20116,오일쿨러 가스켓,기타,엔진오일쿨러,0.997
19631,GRAF 워터펌프,기타,워터펌프,0.997
18746,플러그,기타,점화플러그,0.997
21267,앞패드 크라이슬러 300,기타,브레이크패드,0.996
10529,링크 앞 좌우,,스태빌라이저링크,0.996
7874,Aero twin(550/530) :  A6 3.0,,와이퍼,0.996
10492,링크 앞우,,스태빌라이저링크,0.996
10473,링크 앞 좌우,,스태빌라이저링크,0.996
8356,앞패드 토요타 프리우스,기타,브레이크패드,0.996
8673,뒤패드 미니 쿠퍼,기타,브레이크패드,0.996
8383,앞패드 렉서스 GS300,기타,브레이크패드,0.996
7901,Aero twin(600/500) : X5 E70 bo,,와이퍼,0.996
10584,타이로드 엔드 우,,타이로드엔드,0.996
8410,뒤패드 마쯔다 6,기타,브레이크패드,0.996
8420,앞패드 크라이슬러 300,기타,브레이크패드,0.996
21141,앞패드 아우디 A4 11~13,기타,브레이크패드,0.996
18779,CPB 엔진미미,기타,엔진미미,0.996
8301,앞패드 닛산 알티마,기타,브레이크패드,0.996
10510,LEMFORDER 스테빌라이저 링크,,스태빌라이저링크,0.996
6689,정품 와이퍼,,와이퍼,0.996
5027,6PK2215/CONTI벨트,,V벨트,0.996
6075,에어,,에어필터,0.995
20192,허브베어링,기타,휠허브,0.995
9616,LEMFORDER 로워 컨트롤 암 앞/좌,,로어암,0.995
8287,앞패드 X6(F16) 14~,기타,브레이크패드,0.995
5594,점화코일 CTS 3.6 15~16,,점화코일,0.995
10573,LEMFORDER 타이로드 엔드 우,,타이로드엔드,0.995
5592,점화코일 CTS 3.6 07~09,,점화코일,0.995
21257,뒤패드 BMW 528i,기타,브레이크패드,0.995
21262,앞패드 벤츠 E클래스 300,기타,브레이크패드,0.995
10526,링크 뒤 좌우,,스태빌라이저링크,0.995
8667,앞패드 벤츠 E클래스 300,기타,브레이크패드,0.995
7768,Aero twin(650/500) : S40 / 60,,와이퍼,0.995
21099,앞패드 포드 토러스 01~07년형,기타,브레이크패드,0.995
20200,허브베어링,기타,휠허브,0.995
10482,활대링크 뒤우,,스태빌라이저링크,0.995
21258,앞패드 벤츠 E클래스 300,기타,브레이크패드,0.995
10481,활대링크 뒤좌,,스태빌라이저링크,0.995
20038,정품 냉각수 호스,기타,라디에이터호스,0.995
21176,앞패드 혼다 시빅 1.8,기타,브레이크패드,0.995
7772,와이퍼 블레이드 X6 07~14,,와이퍼,0.995
7871,Aero twin(600/530) :  S60 2.0,,와이퍼,0.995
8491,앞패드 재규어 XF 15~,기타,브레이크패드,0.995
7167,㉭패드센서 34356792563,,브레이크패드센서,0.995
10291,엔진코일,,점화코일,0.994
5575,엔진코일,,점화코일,0.994
10517,링크 좌/우,,스태빌라이저링크,0.994
7881,Aero twin(600/475) : 3 series,,와이퍼,0.994
8623,앞패드 폭스바겐 골프,기타,브레이크패드,0.994
21189,앞패드 폭스바겐 골프,기타,브레이크패드,0.994
9615,로워 컨트롤암 앞/우,,로어암,0.994
7797,Aero twin(650/530) : A6 3.0 TD,,와이퍼,0.994
10689,Aero twin(650/530) : A6 3.0 TD,,와이퍼,0.994
19883,후 로워암 RH,기타,로어암,0.994
7104,패드센서 34356757896,,브레이크패드센서,0.994
10307,엔진코일,,점화코일,0.994
8671,앞패드 폭스바겐 골프,기타,브레이크패드,0.994
6687,SWF  앞 와이퍼,,와이퍼,0.994
9654,뒤패,,브레이크패드,0.994
9583,로워암,,로어암,0.993
9582,로워암,,로어암,0.993
18668,워터 호스,기타,라디에이터호스,0.993
21130,뒤패드 포드 익스플로러,기타,브레이크패드,0.993
7878,Aero twin(500/500) : 120d,,와이퍼,0.993
10008,브렘보 뒤 디스크  1장,,디스크로터,0.993
8608,앞패드 벤츠 C클래스 200,기타,브레이크패드,0.993
7176,㉭패드센서 34356792566,,브레이크패드센서,0.993
7990,뒤패드 디스커버리,기타,브레이크패드,0.993
9624,컨트롤 암 앞하우,,로어암,0.992
9556,컨트롤 암 앞하좌,,로어암,0.992
9557,컨트롤 암 앞하우,,로어암,0.992
9559,컨트롤 암 앞하우,,로어암,0.992
9565,컨트롤 암 앞하좌,,로어암,0.992
8246,뒤패드 G63AMG 12~,기타,브레이크패드,0.992
8506,뒤패드 레니게이드 14년~,기타,브레이크패드,0.992
9592,컨트롤 암 앞하좌,,로어암,0.992
9593,컨트롤 암 앞하우,,로어암,0.992
9558,컨트롤 암 앞하좌,,로어암,0.992
9546,컨트롤 암 앞하좌,,로어암,0.992
10674,와이퍼블레이드,,와이퍼,0.992
9547,컨트롤 암 앞하우,,로어암,0.992
8436,뒤패드 렉서스 GS300,기타,브레이크패드,0.992
18714,BOSCH 가열플러그,기타,가열플러그,0.992
5622,점화코일 30713417,,점화코일,0.992
5615,점화 코일 ACCORD 3.0 03~12,,점화코일,0.992
10503,링크 앞/좌,,스태빌라이저링크,0.992
5540,오일필,,오일필터,0.992
7892,"Aero twin(650/500) : S40, V40/",,와이퍼,0.992
10524,활대링크 앞좌우,,스태빌라이저링크,0.992
9548,로워암 좌,,로어암,0.991
5583,COIL,,점화코일,0.991
7771,Aero twin(700/650),,와이퍼,0.991
8665,뒤패드 벤츠 E클래스 300,기타,브레이크패드,0.991
10691,와이퍼블레이드 (700/530) A093S,,와이퍼,0.991
9764,볼조인트,,로어암,0.991
9765,볼조인트,,로어암,0.991
21260,뒤패드 벤츠 E클래스 300,기타,브레이크패드,0.991
7781,"Aero twin(600/530) : S60 /80 ,",,와이퍼,0.991
7779,Aero twin(600/530) : Tiguan,,와이퍼,0.991
7903,Aero twin(650/425) : 207 CC,,와이퍼,0.991
21100,앞패드 포드 크라운 빅토리아,기타,브레이크패드,0.991
20070,정품 오일쿨러 가스켓,기타,엔진오일쿨러,0.991
8330,뒤패드 혼다 CR-V,기타,브레이크패드,0.991
8363,앞패드 포드 크라운 빅토리아 X,기타,브레이크패드,0.99
10705,로워암볼,,로어암,0.99
10688,Aero twin(650/530) A638S,,와이퍼,0.99
4725,앞패드 X5(E70) 09~13,기타,브레이크패드,0.989
7862,Aero twin (600/550) A242S,,와이퍼,0.989
7933,뒤패드 308 1.6~2.0 09~,기타,브레이크패드,0.989
8208,"링크 (전,우) 그랜드 카니발",,스태빌라이저링크,0.989
20012,정품 호스 O링,기타,라디에이터호스,0.989
9581,로워암 우,,로어암,0.989
9586,로워암 우,,로어암,0.989
9550,로워암 우,,로어암,0.989
7095,㉭패드센서 34352283335,,브레이크패드센서,0.988
10536,후활대링크,,스태빌라이저링크,0.988
20002,정품 로커암 커버 가스켓,기타,헤드커버,0.988
18666,호스,기타,라디에이터호스,0.988
7085,㉭패드센서 34351165580,,브레이크패드센서,0.988
10230,LEMFORDER 엔진미미,,엔진미미,0.988
10535,후활대링크,,스태빌라이저링크,0.988
18667,호스,기타,라디에이터호스,0.988
9766,볼조인트 앞하좌우,,로어암,0.988
19873,LEMFORDER 전 쇼바마운트,기타,쇼크업소버,0.987
5640,점화 코일 RX450h 08~15,,점화코일,0.987
10561,BBR 미션미미,,미션미미,0.987
21101,뒤패드 포드 익스페디션,기타,브레이크패드,0.987
8610,뒤패드 벤츠 S클래스 500,기타,브레이크패드,0.987
20199,전 허브 베어링,기타,휠허브,0.987
9641,컨트롤 암 앞하좌우,,로어암,0.987
5064,HOUSING THERMOSTAT,,써모스탯,0.987
4855,이리듐플러그 ES350 06~08,기타,점화플러그,0.986
8364,뒤패드 포드 크라운 빅토리아,기타,브레이크패드,0.986
8605,뒤패드 지프 그랜드체로키,기타,브레이크패드,0.986
7876,Aero twin (650/400) : 206 CC 1,,와이퍼,0.986
8445,앞패드 지프 그랜드체로키 05년,기타,브레이크패드,0.985
8430,뒤패드 닛산 알마다,기타,브레이크패드,0.985
7898,Aero twin(650/575) : B200 (CDI,,와이퍼,0.985
4966,CONTITECH 벨트,,V벨트,0.985
10586,타이로드 앤드 우,,타이로드엔드,0.984
7833,Aero twin(600/600) : C220 CDI,,와이퍼,0.984
10588,타이로드 앤드 우,,타이로드엔드,0.984
7902,Aero twin(700/700) :  407,,와이퍼,0.984
10317,점화코일 AJ811378,,점화코일,0.984
9628,TRW 로워 암 앞/좌,,로어암,0.984
4873,이리듐플러그 IS250 05~13,기타,점화플러그,0.984
19874,LEMFORDER 쇼바마운트 베어링,기타,쇼크업소버,0.983
5639,점화 코일 RX450h 08~15 X,,점화코일,0.983
4819,스파크플러그 528i 09~11,기타,점화플러그,0.983
5588,보쉬 코일,,점화코일,0.983
8308,앞패드 코롤라 1.3~2.4 06~,기타,브레이크패드,0.983
5565,보쉬 코일,,점화코일,0.983
7050,㉭패드센서 1635401717,,브레이크패드센서,0.983
5571,점화 코일 ZS-K 1X1 (IC4036),,점화코일,0.982
10587,타이로드 앤드 좌,,타이로드엔드,0.982
10585,타이로드 앤드 좌,,타이로드엔드,0.982
21151,앞패드 아우디 A8 4.2 콰트로,기타,브레이크패드,0.982
21098,앞패드 포드 토러스(노무빙),기타,브레이크패드,0.982
7883,Aero twin(550/450) : GLK 220 C,,와이퍼,0.981
6715,"Aero twin(550/550) : SLK 171,",,와이퍼,0.981
21287,뒤패드 혼다 ACCORD 17~,기타,브레이크패드,0.981
18890,ELRING 오일쿨러 가스켓,기타,엔진오일쿨러,0.981
19942,썸머스텟,기타,써모스탯,0.981
18589,AFTER 엔진미미,기타,엔진미미,0.98
7882,Aero twin(550/450) A931S,,와이퍼,0.98
18765,CONTI 휀 아이들,기타,아이들베어링,0.98
7791,Aero twin(680/515) : A8,,와이퍼,0.98
7967,뒤패드 렉서스 LS430 00~06,기타,브레이크패드,0.98
20009,정품 흡기매니폴드가스켓,기타,흡기매니폴드,0.979
20283,VERMO 엔진미미,기타,엔진미미,0.979
8367,앞패드 크라이슬러 PT크루저,기타,브레이크패드,0.979
20173,등속 RH,기타,드라이브샤프트,0.978
8130,브레이크 패드 뒤,,브레이크패드,0.978
5577,점화 코일 ZS-K 1X1 (IC052)X,,점화코일,0.978
21255,뒤패드 740i(G12),기타,브레이크패드,0.978
7826,Aerotwin (380)  후방,,와이퍼,0.977
7057,㉭패드센서 2115400717,,브레이크패드센서,0.977
7819,Aero twin (280)후방,,와이퍼,0.977
18883,ELRING 인젝터 동와셔,기타,인젝터,0.977
20059,잠바가스켓,기타,헤드커버,0.977
18856,잠바가스켓,기타,헤드커버,0.977
5068,THERMOSTAT,,써모스탯,0.976
5566,점화 코일 ZS-K 1X1 (IC4034)X,,점화코일,0.976
5567,점화 코일 ZS-K 1X1 (IC4034)X,,점화코일,0.976
7800,Aero twin (650/575) A854S,,와이퍼,0.975
8443,앞패드 스마트 포투 쿠페 04년~,기타,브레이크패드,0.975
20196,전허브베어링,기타,휠허브,0.974
18732,BOSCH 인젝터 동와샤,기타,인젝터,0.974
82188,등속조인트,기타,드라이브샤프트,0.974
20180,STAUTO 등속조인트 LH,기타,드라이브샤프트,0.974
20197,전허브베어링,기타,휠허브,0.974
10225,엔진마운트 우,,엔진미미,0.974
10224,엔진마운트 좌,,엔진미미,0.973
20221,SWAG 엔진미미,기타,엔진미미,0.973
20167,STABILUS 본넷쇼바,기타,쇼크업소버,0.971
20288,VERMO 썸머스텟,기타,써모스탯,0.97
9630,LEMFORDER 로워 암 앞/우,,로어암,0.969
5510,오일,,오일필터,0.968
19977,정품 워터호스,기타,라디에이터호스,0.968
7268,㉭패드센서 SEM500050,,브레이크패드센서,0.968
19976,정품 워터호스,기타,라디에이터호스,0.968
5056,BELT,,V벨트,0.967
20174,등속 LH,기타,드라이브샤프트,0.967
20049,정품 워터 커넥터,기타,라디에이터호스,0.967
20191,허브,기타,휠허브,0.966
7890,Aero twin (680/680) : S 320,,와이퍼,0.966
9575,컨트롤 암 앞상좌,,로어암,0.965
9554,컨트롤 암 앞상좌,,로어암,0.965
18908,FACET 썸머스텟 하우징,기타,써모스탯,0.965
7266,㉭패드센서 SEM500090,,브레이크패드센서,0.965
9552,컨트롤 암 앞상좌,,로어암,0.965
18785,CONTI 타이밍벨트 킷,기타,타이밍벨트,0.964
5006,아이들 INA 532016010,,아이들베어링,0.964
7788,Aerotwin spoiler set(600/530),,와이퍼,0.962
10574,타이로드엔드 우,,타이로드엔드,0.961
21259,뒤패드 벤츠 E클래스300 ~93 X,기타,브레이크패드,0.961
9553,컨트롤 암 앞상우,,로어암,0.96
10511,링크-프런트 스테빌라이저,,스태빌라이저링크,0.96
18672,BAPMIC 	엔진미미,기타,엔진미미,0.96
5568,점화 코일 ZS-K 1X1(IC4034)X,,점화코일,0.96
9555,컨트롤 암 앞상우,,로어암,0.96
20172,STAUTO 등속 RH,기타,드라이브샤프트,0.96
20182,STAUTO 등속 RH,기타,드라이브샤프트,0.96
18671,BAPMIC 엔진미미,기타,엔진미미,0.96
9576,컨트롤 암 앞상우,,로어암,0.96
9767,볼조인트 좌 TRW JBJ751,,로어암,0.959
20190,STAUTO 전허브베어링,기타,휠허브,0.958
20195,STAUTO 전허브베어링,기타,휠허브,0.958
10583,타이로드엔드 좌,,타이로드엔드,0.958
20154,SACHS 마운트 베어링 하부,기타,쇼크업소버,0.958
9727,WOKING  패드,,브레이크패드,0.958
5025,6PK2205K1 변경,,V벨트,0.957
7872,트윈 스포일러(530/530),,와이퍼,0.956
20216,SWAG 냉각수통 캡,기타,냉각수탱크,0.956
5579,"점화코일A6(4F2,C6)04~11",,점화코일,0.955
20130,REINZ  로커암 커버 가스켓 LH,기타,헤드커버,0.954
5040,아이들 GATES,,아이들베어링,0.954
18930,FLAMME 스파크 플러그,기타,점화플러그,0.953
18770,CORTECO 샤프트 리데나,기타,리데나,0.953
20129,REINZ  로커암 커버 가스켓 RH,기타,헤드커버,0.952
10767,타이로드엔드,,타이로드엔드,0.952
10768,타이로드엔드,,타이로드엔드,0.952
8428,앞패드 익스플로러4.0/4.6 00~10,기타,브레이크패드,0.951
8458,TRW 브레이크 패드 세트 앞,,브레이크패드,0.951
20036,워터호스,기타,라디에이터호스,0.951
20037,워터호스,기타,라디에이터호스,0.951
10576,타이로드엔드 좌/우,,타이로드엔드,0.95
10560,미션마운트,,미션미미,0.949
20171,STAUTO 등속 LH,기타,드라이브샤프트,0.949
20181,STAUTO 등속 LH,기타,드라이브샤프트,0.949
7761,후방 와이퍼 QM3 13.09.07~,,와이퍼,0.948
20244,VERMO 워터호스,기타,라디에이터호스,0.947
10589,타이로드 앤드 뒤좌우,,타이로드엔드,0.946
20177,STAUTO 등속,기타,드라이브샤프트,0.946
18661,BAPMIC 서모스탯 하우징,기타,써모스탯,0.946
20143,REINZ 흡기매니폴더 가스켓,기타,흡기매니폴드,0.945
9613,TRW 스트럿 앞/좌,,로어암,0.945
20179,STAUTO 전 등속 RH,기타,드라이브샤프트,0.944
18673,BAPMIC 상 라바호스,기타,라디에이터호스,0.943
20068,정품 라지에다 상호스,기타,라디에이터호스,0.943
7873,에어로트윈/레트로 (550/500),,와이퍼,0.943
18659,후 활대고무,기타,스태빌라이저링크,0.942
18533,CONTI 외부벨트,기타,V벨트,0.942
18565,CONTI 외부벨트,기타,V벨트,0.942
18551,CONTI 외부벨트,기타,V벨트,0.942
18516,CONTI 외부벨트,기타,V벨트,0.942
18543,CONTI 외부벨트,기타,V벨트,0.942
18532,CONTI 외부벨트,기타,V벨트,0.942
5618,이그니션 코일,,점화코일,0.942
18563,CONTI 외부벨트,기타,V벨트,0.942
18501,CONTI 외부벨트,기타,V벨트,0.942
10692,Aerotwin spoiler set(700/530),,와이퍼,0.941
7770,Aerotwin spoiler set(700/530),,와이퍼,0.941
20076,정품 플랜치 오링,기타,라디에이터호스,0.939
18749,COLUMN 후패드,기타,브레이크패드,0.939
7812,Aero twin:Tiguan (330) 후방,,와이퍼,0.939
9609,LEMFORDER 로워 암 앞 좌,,로어암,0.938
8123,앞패드 CLA-CLASS(C117) 13~,기타,브레이크패드,0.937
7879,Aero twn(530/475) : Golf Ⅳ (v,,와이퍼,0.937
9614,TRW 스트럿 앞/우,,로어암,0.937
5035,6PK2390,,V벨트,0.937
20178,STAUTO 앞등속(좌),기타,드라이브샤프트,0.937
19879,LEMFORDER 전 활대 부싱,기타,스태빌라이저링크,0.936
4976,외벨트 6DPK1697,,V벨트,0.935
18857,ELRING 전 크랑크 리데나,기타,리데나,0.935
9611,LEMFORDER 로워 암 앞 우,,로어암,0.932
20019,정품 밋션미미,기타,미션미미,0.931
20024,정품 워터펌프 하우징 가스켓,기타,워터펌프,0.931
4998,PULLEY IDLER,,아이들베어링,0.931
20264,VERMO 썸머하우징,기타,써모스탯,0.931
19875,LEMFORDER 밋션미미,기타,미션미미,0.928
20185,STAUTO 전등속 RH,기타,드라이브샤프트,0.928
7823,Aerotwin (330) : X1 E83 후방,,와이퍼,0.928
5081,THERMOSTAT ASSY,,써모스탯,0.927
5077,{Z} THERMOSTAT ASSY,,써모스탯,0.927
7804,에어로트윈 / (450/475) ★,,와이퍼,0.925
10489,앞링크(좌우공용),,스태빌라이저링크,0.924
20217,앞링크(좌우공용),기타,스태빌라이저링크,0.924
10687,에어로 트윈(550/500)  A108S,,와이퍼,0.924
7801,에어로트윈(650/575),,와이퍼,0.924
7786,에어로트윈/레트로 (600/400),,와이퍼,0.924
20262,VERMO 워터커넥터,기타,라디에이터호스,0.922
10231,엔진마운트-어퍼,,엔진미미,0.921
8633,브레이크페드,,브레이크드럼,0.921
7886,Aero twin(555/555) A6 2.4 ★,,와이퍼,0.92
18555,CONTI 외벨트,기타,V벨트,0.92
4980,{A} TENSIONER,,텐셔너,0.918
5011,{B} TENSIONER,,텐셔너,0.918
18665,BAPMIC 냉각수호스,기타,라디에이터호스,0.916
18592,AFTER 본넷쇼바,기타,쇼크업소버,0.915
19979,정품 냉각수파이프,기타,라디에이터호스,0.914
18870,ELRING 흡기매니폴더가스켓,기타,흡기매니폴드,0.913
10502,HEXNUT,,볼트/너트,0.913
7808,에어로트윈/레트로(650/450),,와이퍼,0.913
18684,BBR 밋션미미,기타,미션미미,0.913
18871,ELRING 흡기매니폴더가스켓,기타,흡기매니폴드,0.913
20187,STAUTO 전등속 LH,기타,드라이브샤프트,0.911
9632,콘트롤암 뒤 위 좌우,,로어암,0.91
18851,ELRING 크랑크샤프트 씰,기타,리데나,0.91
20297,WAHLER 썸머스텟,기타,써모스탯,0.909
18669,BAPMIC 워터호스,기타,라디에이터호스,0.908
18894,크랑크 샤프트 씰,기타,리데나,0.906
7837,에어로트윈/레트로 (600/600),,와이퍼,0.905
19968,정품 워터자켓 오링,기타,라디에이터호스,0.902
18903,FACET 전 휠스피드센서 RH,기타,ABS센서,0.901
20268,VERMO 오일쿨러커넥터,기타,라디에이터호스,0.898
18875,ELRING 오일필터 하우징 가스켓,기타,엔진오일쿨러,0.898
20007,하라바호스,기타,라디에이터호스,0.894
7093,센서 브레이크 패드,기타,브레이크패드센서,0.893
19965,정품 가열 플러그 압력센서타입,기타,가열플러그,0.893
7119,센서 브레이크 패드,기타,브레이크패드센서,0.893
7131,센서 브레이크 패드,기타,브레이크패드센서,0.893
21021,센서 브레이크 패드,기타,브레이크패드센서,0.893
7091,센서 브레이크 패드,기타,브레이크패드센서,0.893
21019,센서 브레이크 패드,기타,브레이크패드센서,0.893
7164,센서 브레이크 패드,기타,브레이크패드센서,0.893
7174,센서 브레이크 패드,기타,브레이크패드센서,0.893
7083,센서 브레이크 패드,기타,브레이크패드센서,0.893
21052,센서 브레이크 패드,기타,브레이크패드센서,0.893
7163,센서 브레이크 패드,기타,브레이크패드센서,0.893
4711,센서 브레이크 패드,기타,브레이크패드센서,0.893
7086,센서 브레이크 패드,기타,브레이크패드센서,0.893
21017,센서 브레이크 패드,기타,브레이크패드센서,0.893
21016,센서 브레이크 패드,기타,브레이크패드센서,0.893
7066,센서 브레이크 패드,,브레이크패드센서,0.893
7099,센서 브레이크 패드,,브레이크패드센서,0.893
7189,브레이크 패드 센서,,브레이크패드센서,0.893
21015,센서 브레이크 패드,기타,브레이크패드센서,0.893
7178,센서 브레이크 패드,,브레이크패드센서,0.893
7081,센서 브레이크 패드,기타,브레이크패드센서,0.893
7074,센서 브레이크 패드,기타,브레이크패드센서,0.893
7047,센서 브레이크 패드,기타,브레이크패드센서,0.893
7056,센서 브레이크 패드,기타,브레이크패드센서,0.893
7055,센서 브레이크 패드,기타,브레이크패드센서,0.893
7240,센서 브레이크 패드,,브레이크패드센서,0.893
7257,센서 브레이크 패드,,브레이크패드센서,0.893
7096,센서 브레이크 패드,기타,브레이크패드센서,0.893
19982,정품 워터파이프,기타,라디에이터호스,0.891
7845,Normal WBA (300) : 120d 후방,,와이퍼,0.89
9607,어퍼암 뒤/좌,,로어암,0.887
9799,센서,,브레이크패드센서,0.887
10518,링크 뒤 좌/우 JTS484,,스태빌라이저링크,0.886
10522,LINK-RR STABILISER,,스태빌라이저링크,0.883
20096,워셔펌프,기타,워셔액탱크,0.88
7806,에어로트윈 / 레트로 세트(600/5,,와이퍼,0.879
7753,Spoiler WBA (600/530): C 200 K,,와이퍼,0.877
19878,LEMFORDER 마운트 베어링 상부,기타,쇼크업소버,0.873
7825,BOSCH 리어와이퍼,,와이퍼,0.873
10711,라이닝 세레스(신)앞(후는베스타,,브레이크드럼,0.871
18580,AFTER 뎀퍼풀리,기타,진동뎀퍼,0.871
7259,센서 브레이크 패드 X,,브레이크패드센서,0.87
7219,센서 브레이크 패드 X,,브레이크패드센서,0.87
7270,센서 브레이크 패드 X,,브레이크패드센서,0.87
7192,센서 브레이크 패드 X,,브레이크패드센서,0.87
7201,센서 브레이크 패드 X,,브레이크패드센서,0.87
7194,센서 브레이크 패드 X,,브레이크패드센서,0.87
7191,센서 브레이크 패드 X,,브레이크패드센서,0.87
7069,센서 브레이크 패드 X,,브레이크패드센서,0.87
19983,정품 오일 쿨러 씰,기타,엔진오일쿨러,0.868
6914,디스크-프런트 브레이크  PAGID,,디스크로터,0.867
19989,정품 레귤레이팅 밸브,기타,밸브&스프링,0.867
4986,INA 아이들러 어셈블리,,아이들베어링,0.866
109187,진동뎀퍼,,진동뎀퍼,0.863
10537,스테빌라이저 부싱 VAICOV103876,,스태빌라이저링크,0.862
18721,BOSCH 에어매스센서,기타,에어플로우센서,0.861
18718,BOSCH 에어매스센서,기타,에어플로우센서,0.861
19998,정품 흡기 매니폴더 오링,기타,흡기매니폴드,0.861
19999,정품 흡기 매니폴더 오링,기타,흡기매니폴드,0.861
20249,VERMO 인테이크 호스 RH,기타,흡기매니폴드,0.86
19927,MONROE 컨트롤암,기타,로어암,0.859
20069,정품 오일필터하우징 가스켓,기타,엔진오일쿨러,0.859
18657,BAPMIC 후 와이퍼암,기타,와이퍼,0.856
18877,ELRING 써모하우징 가스켓,기타,써모스탯,0.855
20254,VERMO 인테이크 호스 LH,기타,흡기매니폴드,0.853
6857,발전기 175A,,알터네이터,0.852
9633,로워암 좌 LEMFORDER 4265901,,로어암,0.852
18674,보조탱크,기타,냉각수탱크,0.851
9425,트레일링암 부싱 앞하 좌우,,로어암,0.849
9426,트레일링암 부싱 앞하 좌우,,로어암,0.849
18861,ELRING 흡기가스켓,기타,흡기매니폴드,0.847
6735,스타터,,스타터모터,0.841
6768,스타터,,스타터모터,0.841
6747,스타터,,스타터모터,0.841
6739,스타터,,스타터모터,0.841
6732,스타터,,스타터모터,0.841
6731,스타터,,스타터모터,0.841
6764,스타터,,스타터모터,0.841
6808,스타터,,스타터모터,0.841
6760,스타터,,스타터모터,0.841
6751,스타터,,스타터모터,0.841
6734,스타터,,스타터모터,0.841
6740,스타터,,스타터모터,0.841
6727,스타터,,스타터모터,0.841
6720,스타터,,스타터모터,0.841
6725,스타터,,스타터모터,0.841
6726,스타터,,스타터모터,0.841
18660,BAPMIC 오일필터 캡,기타,엔진오일필터하우징,0.84
10394,산소센서,,브레이크패드센서,0.833
10380,산소센서,,브레이크패드센서,0.833
10378,산소센서,,브레이크패드센서,0.833
10356,산소센서,,브레이크패드센서,0.833
18887,ELRING 오일코크씰,기타,볼트/너트,0.831
20183,앞등속(좌우공용),기타,드라이브샤프트,0.83
9618,LEMFORDER 위시본 앞/우,,로어암,0.83
19997,정품 씰서포트 흡기플랩,기타,흡기매니폴드,0.829
9655,브레이크 패드,,브레이크패드,0.826
6798,발전기,,알터네이터,0.825
6789,발전기,,알터네이터,0.825
6783,발전기,,알터네이터,0.825
6796,발전기,,알터네이터,0.825
6816,발전기,,알터네이터,0.825
6793,발전기,,알터네이터,0.825
6819,발전기,,알터네이터,0.825
6794,발전기,,알터네이터,0.825
6828,발전기,,알터네이터,0.825
6807,발전기,,알터네이터,0.825
6830,발전기,,알터네이터,0.825
6908,발전기,,알터네이터,0.825
6902,발전기,,알터네이터,0.825
6848,발전기,,알터네이터,0.825
6887,발전기,,알터네이터,0.825
6879,발전기,,알터네이터,0.825
6858,발전기,,알터네이터,0.825
6791,발전기,,알터네이터,0.825
6784,발전기,,알터네이터,0.825
6723,발전기,,알터네이터,0.825
6847,발전기,,알터네이터,0.825
6898,발전기,,알터네이터,0.825
10499,TORSION BAR LINKAGE,,스태빌라이저링크,0.824
10498,TORSION BAR LINKAGE,,스태빌라이저링크,0.824
7759,Normal WBA(340):Q7 3.0 후방,,와이퍼,0.822
19882,후 로어암 LH,기타,로어암,0.821
18919,FEBI 휠볼트,기타,볼트/너트,0.82
20218,쿨러 커넥터,기타,라디에이터호스,0.818
9629,컨트롤암 우 BIRTH BR1239,,로어암,0.817
7849,Normal WBA(300):A6 Avante 후방,,와이퍼,0.816
18773,크랑크샤프트 씰,기타,리데나,0.815
18663,BAPMIC 워터파이프,기타,라디에이터호스,0.812
18727,BOSCH 후브러쉬,기타,와이퍼,0.811
6680,SET OF WIPER,,와이퍼,0.81
18717,BOSCH 환기밸브,기타,밸브&스프링,0.81
18662,BAPMIC 플랜치,기타,라디에이터호스,0.808
18716,BOSCH 인젝터,기타,인젝터,0.806
20053,정품 엔진 드레인코크 와샤,기타,볼트/너트,0.806
20144,REINZ 후 크랑크 샤프트 씰,기타,리데나,0.805
20074,정품 소켓 헤드 볼트,기타,볼트/너트,0.804
5630,COIL CHEROKEE 3.6 10~,,점화코일,0.803
7749,BOSCH 블레이드 세트,,와이퍼,0.802
9768,볼조인트 우 BIRTH  CD0013,,로어암,0.801
20193,STAUTO 전허브 베아링,기타,휠허브,0.801
20239,VARTA 베터리,기타,배터리,0.793
18683,오일쿨러커넥터,기타,라디에이터호스,0.793
18670,BAPMIC 냉각수통,기타,냉각수탱크,0.791
20145,전크랑크리데나,기타,리데나,0.79
10578,타이로드 우 TRW JTE1091,,타이로드엔드,0.786
19830,AFTER 흡기매니폴더서브모터핀,기타,흡기매니폴드,0.78
9234,"앞 제네시스G80 17""/18""",,브레이크패드,0.774
10591,타이로드엔드 우 BIRTH RD4628,,타이로드엔드,0.771
10545,SPARK PLUG,,점화플러그,0.768
18902,FACET 에어플로우센서,기타,에어플로우센서,0.768
20220,SWAG 연료 도어 액추레이터,기타,도어락액추에이터,0.766
10562,TRANSMISSION MOUNT,,미션미미,0.766
20263,VERMO 워터펌프 호스,기타,라디에이터호스,0.761
18609,AFTER 브레이크 호스,기타,브레이크호스,0.754
9663,{Z} RR BRAKE PADS,,브레이크패드,0.753
18854,엔진오일코크와셔,기타,볼트/너트,0.751
19862,KLWB 뒤블레이드,기타,와이퍼,0.749
10232,{B} ENGINE MOUNT (진공라인O),,엔진미미,0.747
18904,FACET 후휠스피드센서LH,기타,ABS센서,0.746
9674,IPB-601F 호환,,라디에이터,0.746
20098,밋션 오일팬 가스켓,기타,엔진오일쿨러,0.74
78206,뉴SM3 (최신형) (중국산)L38,기타,라디에이터,0.738
7815,A380H (380) 후방,,와이퍼,0.738
18884,ELRING 가스켓,기타,헤드커버,0.737
4999,BELT SERPENTINE,,V벨트,0.735
6948,BREMBO 브레이크 디스크,,디스크로터,0.729
9631,콘트롤암 좌 BIRTH BR1240,,로어암,0.728
20089,OSRAM 브레이크 전구,기타,전구/LED,0.725
10508,링크 좌 BIRTH BS0031,,스태빌라이저링크,0.723
19921,METZGER 트렁크도어록,기타,도어락액추에이터,0.714
18791,콘덴샤 BMW MINI,기타,컨덴서,0.714
10509,링크 우 BIRTH BD0031,,스태빌라이저링크,0.712
4975,풀리 INA 532055610,,아이들베어링,0.705
20296,WABCO 에어쇼바콤프레샤,기타,에어컨컴프레서,0.698
20091,PIERBURG 인테이크액추레이터,기타,흡기매니폴드,0.695
5088,THERMOSTAT-COOLANTW/GASKET,,써모스탯,0.683
6792,수냉식 발전기,,알터네이터,0.671
10590,타이로드엔드 LH BIRTH RS4628,,타이로드엔드,0.652
20022,정품 오일캡뚜껑 고무오링,기타,엔진오일필터하우징,0.649
20035,정품 O링,기타,라디에이터호스,0.639
4989,드라이브 벨트,,V벨트,0.638
10619,미편오일팬 가스켓,,엔진오일쿨러,0.636
19970,정품 스로틀바디 가스켓,기타,흡기매니폴드,0.634
19994,정품 오일필터 하우징 O링,기타,엔진오일필터하우징,0.633
20050,정품 씰,기타,흡기매니폴드,0.632
10575,엔드 우,,타이로드엔드,0.611
18705,후 트렉로드,기타,로어암,0.602
20163,SPIDAN 부트 킷 아웃터,기타,드라이브샤프트,0.597
10698,NWB 블레이드 앗세이-백,,와이퍼,0.59
20039,정품 퀵 커플링 피스,기타,볼트/너트,0.589
7762,"NormalWBA(290):B200,C220 후방",,와이퍼,0.588
20209,SWAG 오링,기타,써모스탯,0.569
7058,센서-브레이크 패드,,브레이크패드센서,0.545
10593,END-TIE ROD LH,,타이로드엔드,0.538
4963,DEFLECTION/GUIDE PULLEY,,아이들베어링,0.531
19974,정품 오링,기타,라디에이터호스,0.526
19980,정품 오링,기타,라디에이터호스,0.526
19984,정품 오링,기타,라디에이터호스,0.526
5939,AUDI A6 3.0 TDI (18~),,브레이크드럼,0.521
20137,흡기 매니폴더 가스켓 RH,기타,흡기매니폴드,0.515
20138,흡기 매니폴더 가스켓 LH,기타,흡기매니폴드,0.502
19949,MOTORAD 워터자켓,기타,써모스탯,0.494
18655,BAPMIC 유니온 실링 워셔,기타,라디에이터호스,0.488
10360,산소센서  81677,,브레이크패드센서,0.484
20084,AFTER 후 외캐치 LH,기타,도어,0.466
7725,같은품번 JY제품으로,,캐빈필터,0.456
19990,정품 스로틀바디 마운트 가스켓,기타,흡기매니폴드,0.455
9904,브레이크디스크 WOKING D6187510,,브레이크드럼,0.45
18855,ELRING 프로필 가스켓,기타,라디에이터호스,0.449
10369,OXYGEN SENSOR,,ABS센서,0.44
9597,S 11 CONTROL ARM,,로어암,0.431
5023,GUIDE PULLEY,,아이들베어링,0.414
9754,DISK BRAKE PAD,,브레이크패드,0.414
7483,동일품번 진앤영제품으로,,캐빈필터,0.411
19971,정품 가스켓,기타,헤드커버,0.398
10329,녹스센서,,브레이크패드센서,0.395
6805,C-Class(W205)13~,,알터네이터,0.393
82056,에어컨 가스(냉매)/판매X,기타,에어필터,0.367
7748,컴프레서 X5 (E70) xDrive 40d,,에어컨컴프레서,0.365
20219,유니온 실링 워셔,기타,라디에이터호스,0.353
9396,Acura MDX 3.5 14~15,,브레이크드럼,0.347
8048,PAD SET-FRT BRAKE,,브레이크패드,0.311
4990,드라이브텐션,,아이들베어링,0.309
10275,STRAINER ASSY-FUEL,,연료호스/파이프,0.307
19750,HELLA 후 ABS센서 RH,기타,ABS센서,0.302
10364,산소센서 36542R71L01,,브레이크패드센서,0.296
10618,"미션오일팬 , 가스켓",,엔진오일쿨러,0.28
19748,HELLA 수온센서,기타,에어플로우센서,0.274
6406,인터파트제품으로 출고,,캐빈필터,0.265
10368,산소센서 12589550,,브레이크패드센서,0.258
6758,VALEO  스타터,,스타터모터,0.254
20114,오링,기타,엔진오일필터하우징,0.251
20078,정품 후 머플러 부싱 LH JAGUAR,기타,스태빌라이저링크,0.243
6815,발전,,알터네이터,0.24
10385,산소센서 06E906265P,,브레이크패드센서,0.232
19877,오무기어 부트,기타,드라이브샤프트,0.232
18572,AFTER 오일세퍼레이터,기타,오일필터,0.228
20124,REINZ 진공펌프 가스켓,기타,터보차저/인터쿨러,0.226
6347,"X  ELEMENT SUB-ASSY, AI",,라디에이터호스,0.224
10386,산소센서 06E906265N,,브레이크패드센서,0.221
10377,산소센서 11787516150,,브레이크패드센서,0.208
18720,BOSCH 차압센서,기타,에어플로우센서,0.195
10374,산소센서 11787558054,,브레이크패드센서,0.182
10391,산소센서 079906262Q,,브레이크패드센서,0.177
10582,VAICO엔드,,흡기매니폴드,0.174
10376,산소센서 11787530282,,브레이크패드센서,0.172
20073,정품 씰링,기타,볼트/너트,0.169
15862,부동액 레드 3.78리터(원액),기타,냉각수탱크,0.169
16904,부동액 블루 3.78리터(원액),기타,냉각수탱크,0.161
19747,HELLA TPMS센서,기타,에어플로우센서,0.16
10355,산소센서 8946530730,,브레이크패드센서,0.158
10365,산소센서 56029049AA,,브레이크패드센서,0.154
10487,RR LINK LH E10,,쇼크업소버,0.153
16906,부동액 레드 3.78리터(원액)PT,기타,냉각수탱크,0.152
10371,FACET  산소센서,,ABS센서,0.151
10379,FACET  산소센서,,ABS센서,0.151
15818,오토미션오일 ATF VI(적색),기타,오일필터,0.149
10488,RR LINK RH E10,,쇼크업소버,0.147
16905,부동액 블루 3.78리터(원액)PT,기타,냉각수탱크,0.145
15817,오토미션오일 ATF 236.15(청색),기타,오일필터,0.145
15876,엔진오일 합성유 5W40(수입차),기타,라디에이터,0.142
18734,BOSCH 캠각센서,기타,에어플로우센서,0.142
15820,오토미션오일 ATF VI-NC(무색),기타,오일필터,0.135
6748,스타,,타이밍벨트,0.134
15875,엔진오일 합성유 5W30(수입차),기타,라디에이터,0.129
16900,미션오일 ATF MB7S 236.15(청색),기타,미션필터,0.127
7688,마세라티 콰트로 포르테 4.7 08~,,알터네이터,0.118
10358,MEAT & DORIA 산소센서,,ABS센서,0.115
10387,REPAIR SET-LAMBDA PROBE,,V벨트,0.114
16898,오토미션오일 MULTI ATF(적색),기타,오일필터,0.112
16901,미션오일 ATF MB9 236.17(황색),기타,미션필터,0.112
15819,오토미션오일 MULTI CVTF(청색),기타,오일필터,0.112
16903,프레스톤 부동액 BLUE 2L,기타,냉각수탱크,0.108
107961,대경터보 매출,기타,터보차저/인터쿨러,0.104
6242,X5 24~,,에어필터,0.104
19919,METZGER 전 차고레벨센서 RH,기타,브레이크드럼,0.102
10389,OXY SEN KT,,V벨트,0.101
16899,오토미션오일 MULTI DCTF(황색),기타,오일필터,0.099
16902,"미션오일 ATF ZF6S, ZF8/9(녹색)",기타,미션필터,0.096
18719,BOSCH 배기압력센서,기타,에어플로우센서,0.095
107963,대교정공 매출,기타,쇼크업소버,0.087
20008,씰링,기타,쇼크업소버,0.082
10528,7T4Z5K483A,,V벨트,0.081
107964,대교정공 판매수수료,기타,라디에이터,0.074
18658,윈도우 메인 스위치,기타,유리기어,0.073
6062,IPA-P520 으로 대,,브레이크드럼,0.07
107962,대경터보 판매수수료,기타,터보차저/인터쿨러,0.069
5713,IPA-P078 로 대,,점화플러그,0.069
19746,HELLA 릴레이,기타,전구/LED,0.064
7277,IPCA-E154C,,알터네이터,0.061
7993,IPB-E165F 대,,점화플러그,0.058
10640,,,냉각팬모터,0.047
10630,,,냉각팬모터,0.047
107960,,기타,냉각팬모터,0.047
5051,,,냉각팬모터,0.047
6615,,,냉각팬모터,0.047
8075,,,냉각팬모터,0.047
8083,,,냉각팬모터,0.047
8404,,,냉각팬모터,0.047
8596,,,냉각팬모터,0.047
8692,,,냉각팬모터,0.047
8694,,,냉각팬모터,0.047
8714,,,냉각팬모터,0.047
8915,,,냉각팬모터,0.047
10301,,,냉각팬모터,0.047
8686,,,냉각팬모터,0.047
9708,,,냉각팬모터,0.047
