분할,시드,모델,정확도,Macro-F1,Top-3 정확도,제외
random,42,규칙(카테고리명 포함),0.22483841181902123,0.29069218836178745,,0
random,42,나이브 베이즈,0.8998153277931671,0.8135689266718131,0.9496768236380425,0
random,42,로지스틱 회귀,0.9293628808864266,0.8826889275685301,0.9635272391505079,0
random,42,선형 SVM,0.9335180055401662,0.8781549553437433,,0
supplier,42,규칙(카테고리명 포함),0.14715090795241076,0.2781379243232421,,0
supplier,42,나이브 베이즈,0.8434564809016907,0.6469220173370862,0.9229805886036319,0
supplier,42,로지스틱 회귀,0.8121477770820288,0.7213129905545234,0.8941765810895429,0
supplier,42,선형 SVM,0.8572323105823418,0.745674343961477,,0
random,43,규칙(카테고리명 포함),0.23499538319482918,0.32060278688809324,,0
random,43,나이브 베이즈,0.894275161588181,0.8062560367567645,0.951061865189289,0
random,43,로지스틱 회귀,0.9275161588180979,0.8791962136893897,0.9644506001846722,0
random,43,선형 SVM,0.9270544783010157,0.8645077287037468,,0
supplier,43,규칙(카테고리명 포함),0.15892420537897312,0.2601618080099396,,0
supplier,43,나이브 베이즈,0.8614506927465363,0.7142082898647927,0.8932355338223309,0
supplier,43,로지스틱 회귀,0.8451507742461287,0.7223251085035344,0.8736756316218419,0
supplier,43,선형 SVM,0.882640586797066,0.7935117204511755,,0
random,44,규칙(카테고리명 포함),0.23684210526315788,0.3316618312339255,,0
random,44,나이브 베이즈,0.9030470914127424,0.8113702565679081,0.951061865189289,0
random,44,로지스틱 회귀,0.9316712834718375,0.8741882073795292,0.96398891966759,0
random,44,선형 SVM,0.9293628808864266,0.8594152634486744,,0
supplier,44,규칙(카테고리명 포함),0.17226115824419033,0.2168833508688753,,72
supplier,44,나이브 베이즈,0.6016230173367761,0.4710975739776014,0.7019549981556621,72
supplier,44,로지스틱 회귀,0.6119513094798967,0.5572092983399989,0.6971597196606418,72
supplier,44,선형 SVM,0.650682405016599,0.5460310909182535,,72
random,45,규칙(카테고리명 포함),0.22391505078485688,0.2838714840131256,,0
random,45,나이브 베이즈,0.8984302862419206,0.8074994920692259,0.9519852262234534,0
random,45,로지스틱 회귀,0.9261311172668514,0.8561548522787416,0.9598337950138505,0
random,45,선형 SVM,0.9298245614035088,0.858404362646405,,0
supplier,45,규칙(카테고리명 포함),0.25585379782981155,0.29990858893144884,,0
supplier,45,나이브 베이즈,0.8309537407195888,0.7312697903584243,0.8697886921758995,0
supplier,45,로지스틱 회귀,0.8349514563106796,0.7541601321011681,0.8823529411764706,0
supplier,45,선형 SVM,0.8440890919474586,0.7556701725603993,,0
random,46,규칙(카테고리명 포함),0.21837488457987073,0.27645926754142547,,0
random,46,나이브 베이즈,0.9039704524469068,0.8218627564055592,0.9519852262234534,0
random,46,로지스틱 회귀,0.9289012003693444,0.8663249148693405,0.9630655586334257,0
random,46,선형 SVM,0.9298245614035088,0.8691841872649961,,0
supplier,46,규칙(카테고리명 포함),0.09959623149394348,0.27187080384289264,,0
supplier,46,나이브 베이즈,0.8115746971736204,0.679367934209115,0.8613728129205922,0
supplier,46,로지스틱 회귀,0.7388963660834454,0.6931895581311084,0.784656796769852,0
supplier,46,선형 SVM,0.8236877523553163,0.7311825963808622,,0
